X,Y,FID,ELEVATION
-76.343950805651431,36.776459389537564,8001,10.99
-76.195480841144388,36.701753264367248,8002,20.01
-76.390092113956371,36.819186392629959,8003,11.46
-76.398780471512282,36.805583481869867,8004,0.09
-76.374341828491808,36.671048621330627,8005,14.9
-76.153027769779825,36.550036349359843,8006,0.49
-76.356070784422059,36.768527824666783,8007,12.8
-76.396585791830248,36.861252561364672,8008,15.79
-76.2724764946459,36.755530433500361,8009,8
-76.47653923783372,36.690001769229895,8010,19.69
-76.286399219047794,36.789480437577595,8011,2.97
-76.406170457341076,36.553333172702096,8012,16.79
-76.319165364804107,36.767041252908108,8013,7.66
-76.172895821957169,36.628789998571321,8014,12.13
-76.350379451131062,36.797365954701839,8015,10.57
-76.165185900480594,36.700340216565749,8016,10.09
-76.17603002465448,36.58109080444973,8017,8.89
-76.145594695628148,36.580980742925213,8018,4.55
-76.435720060551233,36.574380026951168,8019,16.39
-76.126376606135764,36.713736699785692,8020,6.23
-76.307323252562412,36.714603465806228,8021,9.28
-76.17495882365607,36.740708203949403,8022,10.73
-76.45079188826989,36.822244242780748,8023,20.68
-76.341018847132872,36.642695098706831,8024,16.27
-76.428333870697642,36.782932143006455,8025,9.67
-76.20665961320806,36.750941859911592,8026,13.77
-76.227518172394554,36.634326392930319,8027,16.16
-76.447426782768531,36.632388704740826,8028,19.11
-76.107191061529861,36.677105773256763,8029,8.79
-76.313900304462877,36.580362708908403,8030,14.64
-76.147014399620645,36.558609969340843,8031,-0.02
-76.437656720945569,36.68467278703924,8032,17.78
-76.294245270959252,36.781466033207828,8033,10.73
-76.476110317052743,36.630757383500821,8034,18.8
-76.110267143341872,36.612863173635027,8035,5.08
-76.164416585330343,36.580961712853068,8036,0.03
-76.474739769106876,36.55808085954942,8037,17.86
-76.486820987624455,36.585080815756555,8038,15.89
-76.28587528132654,36.692015967146375,8039,14.17
-76.337342282175143,36.636885840181733,8040,16.36
-76.223920908523894,36.578063716874766,8041,8.44
-76.10330262228436,36.687178609445901,8042,8.98
-76.167804167741224,36.616668735995816,8043,11.01
-76.425744502318466,36.676130322997423,8044,18.5
-76.274815564501452,36.686611725079594,8045,14.94
-76.421262584129892,36.764024059153527,8046,16.53
-76.218124136500052,36.608343033475904,8047,18.55
-76.221286739816136,36.633964123867841,8048,10.4
-76.334469787937209,36.738513845359613,8049,9.94
-76.439261385883782,36.690641564819721,8050,18.88
-76.317621895679437,36.591428558962662,8051,15.43
-76.209400648284529,36.574992960514528,8052,-0.17
-76.408309120000652,36.695643415590922,8053,17.26
-76.24166928539789,36.7424638699962,8054,17.74
-76.450684280047668,36.665772294836046,8055,19.49
-76.321145494014871,36.701042787065838,8056,13.26
-76.120199220764391,36.549690098700012,8057,6.24
-76.365721943144862,36.703782598639343,8058,12.84
-76.270790825291115,36.736344082002866,8059,2.26
-76.145091923966859,36.645911642892848,8060,10.64
-76.23753768222393,36.695688619968855,8061,13.02
-76.200148255572159,36.583967082350661,8062,8.63
-76.248051210358312,36.701620753626827,8063,17.97
-76.390654050659194,36.762609645291732,8064,11.82
-76.471346485232701,36.675600121458309,8065,22.97
-76.389253132693838,36.795183260514833,8066,13.68
-76.208426357634877,36.690154075949081,8067,20.14
-76.409207997537138,36.670909447643496,8068,16.94
-76.409983161362788,36.860375981688343,8069,13.94
-76.464807987543267,36.772818466768918,8070,19.38
-76.340987925862336,36.743158099930987,8071,8.38
-76.240291820475136,36.654809164745743,8072,18.75
-76.31456584127821,36.693494503501476,8073,14.93
-76.168288716608856,36.730697123898665,8074,1.01
-76.262558655137155,36.673927982614444,8075,16.52
-76.38364807568145,36.630348190242152,8076,13.19
-76.144210993706508,36.674190463120432,8077,3.13
-76.431070599394801,36.74051345722404,8078,17.12
-76.442793539829424,36.667454316459043,8079,20.05
-76.351391517075925,36.802269210440862,8080,11.42
-76.2111285434205,36.617350923411458,8081,22.43
-76.408760410429267,36.809519907330078,8082,15.62
-76.440494794712691,36.864040969889096,8083,14.75
-76.228153678782874,36.567368612387341,8084,0.79
-76.192924348206915,36.687227013420831,8085,20.5
-76.329945986135968,36.636678248312123,8086,16.49
-76.422872068241489,36.678953320753429,8087,16.78
-76.26528086264473,36.555323416647653,8088,16.16
-76.222087039826334,36.839130079431555,8089,5.14
-76.378242038984396,36.587669334271077,8090,12.54
-76.244731179018046,36.623607125080738,8091,13.42
-76.310722348146669,36.800688660451286,8092,7.1
-76.136923819992177,36.699730664990923,8093,12.11
-76.417242471040666,36.614724052995967,8094,15.15
-76.160640780727832,36.735893474882417,8095,3.29
-76.416021531396765,36.670248903908302,8096,18.39
-76.249381763797913,36.551815616640937,8097,17.98
-76.173466500591914,36.625815865980968,8098,11.81
-76.273640223691729,36.716541093298858,8099,9.32
-76.430660776576374,36.560249450922257,8100,17.35
-76.30565523816999,36.741284351649163,8101,4.6
-76.129411055194979,36.687608911854177,8102,12.02
-76.46796048155629,36.657074684429965,8103,19.3
-76.481918918537446,36.64648549637225,8104,19.47
-76.33695797143244,36.753471459998771,8105,7.59
-76.339725928765347,36.705999720386039,8106,11.27
-76.398199273957673,36.753066640318529,8107,14.92
-76.171889083778836,36.739193512355328,8108,10.43
-76.300387696803682,36.619157632888985,8109,10.93
-76.097404046542948,36.678180922243797,8110,0.62
-76.445396317445116,36.739953066188001,8111,17.39
-76.14790042784611,36.586126864674135,8112,6.28
-76.381764336050139,36.565300240471387,8113,12.89
-76.37930212021439,36.717620412964806,8114,13.07
-76.318943122590213,36.584370830460053,8115,15.26
-76.350629537401446,36.583945263033819,8116,10.08
-76.386029714101653,36.790525189811319,8117,15.23
-76.196222216702381,36.712160288970239,8118,17.6
-76.11587702820465,36.574711479101133,8119,7.5
-76.433969699303333,36.730288415849785,8120,17.82
-76.204033581547009,36.642229844898523,8121,17.38
-76.385938832281255,36.589807288685009,8122,18.56
-76.110500624222993,36.714232994031768,8123,1.45
-76.187292679596297,36.605348325031777,8124,11.55
-76.292375944479886,36.547283993289184,8125,15.22
-76.302889081716302,36.693705555984018,8126,12.68
-76.196078367858533,36.698227872790582,8127,19.6
-76.46676223532657,36.574257669310981,8128,16.06
-76.162709424381077,36.590810086276619,8129,8.31
-76.187193607415765,36.722276043080022,8130,1.78
-76.31426963100003,36.653253609727471,8131,14.19
-76.18853177797736,36.732406701203828,8132,5
-76.136524263666175,36.71484923302414,8133,5.32
-76.387970673585443,36.743758735200636,8134,14.85
-76.166631380400375,36.754135952906786,8135,9.89
-76.471187756805577,36.581005392738639,8136,15.24
-76.455637823574364,36.813131864056054,8137,19.63
-76.455612481487819,36.722105470435842,8138,18.85
-76.289944891051121,36.606043018313649,8139,1.53
-76.362762744889991,36.759910143199434,8140,8.23
-76.313410682163024,36.725183284416886,8141,7.13
-76.360565226686091,36.57626312279659,8142,13.77
-76.417982362226709,36.594120822934244,8143,14.87
-76.104618613653727,36.735833609902933,8144,6.71
-76.14358864021149,36.671865707000521,8145,10.54
-76.3816153611278,36.546752759598604,8146,16.18
-76.382345105579461,36.625788498146804,8147,12.75
-76.366728663392536,36.550651177391231,8148,15.8
-76.148695287143752,36.701878715863955,8149,12.66
-76.360827530052873,36.660694002007197,8150,12.55
-76.142424709746152,36.596690271331148,8151,8.89
-76.317355602846305,36.780385459540426,8152,6.15
-76.261177445008627,36.80713741492589,8153,15.41
-76.234101114640382,36.707023229786394,8154,17.48
-76.208498240796658,36.612659479265567,8155,10.77
-76.261688373512214,36.761630630750581,8156,14.73
-76.118266265532199,36.709587309039669,8157,1.49
-76.231292255550144,36.644786457381329,8158,21.55
-76.224752150889387,36.729715737471331,8159,3
-76.254797792183652,36.549741184436314,8160,18.4
-76.132451607588223,36.700659530144193,8161,11.34
-76.246588347419717,36.802247743082759,8162,15.19
-76.440871302649668,36.586427351407529,8163,15.19
-76.308260558548199,36.754992150401122,8164,3.62
-76.436325223129444,36.594595078411992,8165,11.79
-76.213857680775078,36.72652820689656,8166,1.42
-76.104028132553424,36.690293367790886,8167,8.6
-76.21291205918611,36.638199229484897,8168,17.1
-76.182519044291752,36.605971649182969,8169,10.86
-76.471962931145924,36.630687090329396,8170,18.6
-76.25032465543741,36.637251545042233,8171,16.01
-76.21609014675488,36.624998113960544,8172,16.67
-76.38991706655122,36.764253423502275,8173,12.1
-76.43234164960495,36.679639528013148,8174,17.84
-76.247399649461599,36.561663463869401,8175,17.41
-76.124637842746466,36.54796309307568,8176,3.03
-76.170979890134163,36.691298951821565,8177,9.06
-76.457165785156477,36.65946576635244,8178,18.69
-76.202421536902236,36.701971310028732,8179,19.8
-76.134243195806476,36.61806587333394,8180,9.89
-76.426516865223917,36.61674210584502,8181,16.86
-76.334279935424206,36.550041566877674,8182,24.65
-76.353849644863402,36.589541091006282,8183,9.75
-76.29947024530253,36.772147086574634,8184,20.99
-76.295524467575987,36.791736265510679,8185,1.33
-76.169316871414466,36.593867552331481,8186,8.04
-76.420528572828061,36.713388317686679,8187,16.6
-76.238117677117827,36.658181059255462,8188,18.58
-76.308239816198608,36.611883826463291,8189,4.26
-76.366647908243479,36.685550006083147,8190,14.06
-76.271995766526786,36.825194355418432,8191,17.51
-76.089465846666414,36.730524755816219,8192,9.33
-76.434985719122224,36.872377751355629,8193,19.13
-76.200351088894578,36.713226172072837,8194,12.11
-76.426138067718355,36.676043864934655,8195,17.94
-76.055860004436809,36.685841826521646,8196,-0.81
-76.354761254015699,36.714846346907642,8197,15.16
-76.190487156472386,36.611118220108743,8198,11
-76.487574097611642,36.566081398600495,8199,18.13
-76.349699012156051,36.663768852198544,8200,13.64
-76.358297939066247,36.706557841175183,8201,12.04
-76.224191255991613,36.722679271014186,8202,7.36
-76.43189275356265,36.679681256548207,8203,18.75
-76.328335077619116,36.76224553597374,8204,7.33
-76.414854294736443,36.670944120837049,8205,17
-76.155021544426518,36.554667320631879,8206,0.34
-76.379874016523345,36.695768021910979,8207,13.99
-76.402972351858267,36.651765671832756,8208,15.57
-76.298934631144604,36.796860239515517,8209,24.26
-76.409959939676995,36.819189660091673,8210,11.32
-76.342181179148099,36.580601474532273,8211,7.88
-76.359185454785532,36.65188640585707,8212,11.75
-76.296355724031443,36.696039927694876,8213,12.68
-76.199538539203715,36.708165028274465,8214,18.59
-76.450266935918819,36.856426735376665,8215,20.86
-76.130995888347556,36.601744467924497,8216,9.53
-76.338018452755151,36.771045162278028,8217,11.38
-76.302113425677689,36.664141357811673,8218,15.39
-76.309214202428379,36.741494007190262,8219,4.69
-76.159981940927324,36.675061096651156,8220,12
-76.162582891722934,36.677404187997553,8221,10.71
-76.19519096839673,36.591485671145094,8222,9.44
-76.231892701300964,36.744279596214405,8223,19.88
-76.189873920968907,36.586860530700626,8224,9.48
-76.444873037776802,36.815006730715226,8225,19.87
-76.329948785319715,36.617242503743029,8226,2.65
-76.183789140187798,36.604155247181268,8227,10.9
-76.379577845043272,36.641601189932423,8228,13.48
-76.464409109224007,36.684494322814906,8229,19.36
-76.192472519988286,36.75360348346188,8230,11.76
-76.364158118259979,36.575335701833041,8231,12.9
-76.134765443669693,36.565468977158034,8232,7.29
-76.45015094981504,36.808538163006233,8233,19.61
-76.26053578995554,36.68137732407704,8234,18.31
-76.326457959278571,36.772885061515979,8235,9.57
-76.370048668871618,36.694738490332888,8236,13.34
-76.231553816051374,36.620351236826551,8237,6.21
-76.221604615825541,36.635300244734303,8238,13.68
-76.352420519844529,36.588660587607954,8239,11.12
-76.348463366554114,36.619131177313463,8240,4.41
-76.341557626655302,36.602872733186317,8241,11.26
-76.461669558066362,36.726437237640887,8242,19.71
-76.15215100076027,36.730766196378042,8243,1.05
-76.400477250469834,36.660729148147851,8244,15.65
-76.373330502880577,36.557735487449108,8245,14.84
-76.21660052747599,36.643541904207694,8246,18.08
-76.271372216000458,36.775905882596909,8247,11.94
-76.192187952237504,36.653954417109496,8248,13.96
-76.254510130460915,36.797024771757428,8249,18.49
-76.285276316075155,36.815867576251648,8250,9.78
-76.38050867249855,36.606952835224682,8251,14
-76.460456625352535,36.677664279023318,8252,20.95
-76.394906525920646,36.637398450736278,8253,15.32
-76.429843582163599,36.793855210549999,8254,4.09
-76.178217301792515,36.761261898452481,8255,8.94
-76.219934886152004,36.552363335217976,8256,11.46
-76.427823948051497,36.563816761058952,8257,16.71
-76.455275225835507,36.573978933194624,8258,17.66
-76.41914257566664,36.775991781356716,8259,16.2
-76.26276030206202,36.709499293807177,8260,9.16
-76.288330842815228,36.711139527346255,8261,13.54
-76.44094531928458,36.720752836735812,8262,19.45
-76.354077464578396,36.801256319595154,8263,12.73
-76.280395117978216,36.794176092234196,8264,6.8
-76.156801527985451,36.710290572620615,8265,12.51
-76.176181679528796,36.563711103499401,8266,0.5
-76.284937791567401,36.718475295638243,8267,9.21
-76.218122351723395,36.716866342727712,8268,0.47
-76.174969093303716,36.605845966600583,8269,10.72
-76.179844702414442,36.604449247524251,8270,10.72
-76.438408882714995,36.842432799739278,8271,18.09
-76.188519153103485,36.693179062283086,8272,18.15
-76.246160785970787,36.766137416285311,8273,18.9
-76.445515471887333,36.57068177791367,8274,17.14
-76.294769013096627,36.661054583333311,8275,16.29
-76.403050418945057,36.578581938813734,8276,15.68
-76.358225865448276,36.683710927060723,8277,12.17
-76.311613537314301,36.656137492606589,8278,15.98
-76.122768698513909,36.675243557948868,8279,10.37
-76.46345971027749,36.69834931482886,8280,21.62
-76.366179767438823,36.798576092154605,8281,15.5
-76.173266545348255,36.572034048924337,8282,0.42
-76.312126046871228,36.557398529104404,8283,12.25
-76.253554752717918,36.589898212277994,8284,4.6
-76.429590130451913,36.592638982795698,8285,12.82
-76.280305294088905,36.627149365814773,8286,19.01
-76.315133197936035,36.592401963615934,8287,15.91
-76.389721245315556,36.673511121626149,8288,16.37
-76.389932436342505,36.687081592136309,8289,16.25
-76.306453305800574,36.664090436650085,8290,16
-76.299906334596827,36.670752912366424,8291,15.92
-76.411382058168456,36.74966158501087,8292,16.55
-76.394357786778698,36.589276770315728,8293,13.78
-76.259558532392617,36.80919641432542,8294,18.86
-76.381894797826959,36.552826539784348,8295,15.93
-76.194525222787831,36.595349358444338,8296,9.54
-76.42370427271031,36.607234369056229,8297,15.62
-76.181383711507422,36.572486429184693,8298,0.84
-76.236459600154774,36.585234640857387,8299,0.25
-76.381825592505976,36.785518418381869,8300,15.65
-76.491506520459509,36.566282115181394,8301,17.76
-76.477828187457945,36.554069240776059,8302,17.32
-76.427939606130721,36.843580448913251,8303,12.96
-76.357277965024267,36.627433489306512,8304,5.82
-76.130688334879082,36.666348181851532,8305,9.29
-76.241940411054301,36.829418048022596,8306,13.29
-76.110537514762427,36.566065334203756,8307,6.99
-76.31865569787189,36.590889826904572,8308,15.38
-76.335430209406667,36.741679014397704,8309,8.78
-76.303236459437073,36.725758334818565,8310,5.72
-76.146801857410026,36.5555028004012,8311,1.02
-76.349724997788314,36.690253451340531,8312,12.21
-76.426416897476969,36.75374710228418,8313,15.81
-76.223083368068941,36.62981335060536,8314,9.4
-76.282254360747032,36.560356460693598,8315,16.36
-76.438841564417885,36.711416247199558,8316,18.59
-76.222977593321829,36.829072031271451,8317,7.78
-76.351560446264173,36.782929288633127,8318,12.77
-76.427548129980508,36.63631828904655,8319,17.44
-76.369250856460908,36.804763079276007,8320,12.87
-76.279030665231573,36.691658789644379,8321,14.84
-76.281454157211641,36.595142234892677,8322,5.11
-76.305259154114168,36.612693763078063,8323,4.99
-76.412813365394129,36.615721533256362,8324,15.22
-76.390544180990659,36.568405678677237,8325,16.13
-76.447411207828594,36.580481876103498,8326,15.66
-76.170158184307368,36.644921929228012,8327,10.05
-76.418765625142385,36.80288888845994,8328,13.57
-76.354378469101661,36.65511369071799,8329,17.39
-76.438164281646749,36.722224913174578,8330,19
-76.210368917925038,36.664084438251678,8331,19.75
-76.19240680707253,36.713954020628833,8332,14.62
-76.401560067417535,36.560643024923479,8333,16.41
-76.202707786084915,36.59891023180122,8334,11.31
-76.378407999219391,36.55650952418155,8335,13.7
-76.261584141318735,36.616818489320131,8336,14.37
-76.473084768573401,36.647783668786104,8337,19.01
-76.218620617066975,36.783804937825543,8338,19.39
-76.341253264669291,36.660607035757884,8339,12.7
-76.260893363133903,36.765096905391424,8340,17.68
-76.10321439670561,36.666378067607482,8341,9.06
-76.165781813687644,36.558367114391288,8342,0.34
-76.396172604919286,36.850791526369633,8343,11.34
-76.388043599828919,36.752432171907579,8344,13.92
-76.193258323655044,36.671584754166183,8345,21.74
-76.261540577507432,36.817028634699035,8346,17.44
-76.340764413946744,36.573191161167223,8347,10.74
-76.401086215953526,36.636505219798565,8348,15.18
-76.256246171434185,36.797411743468857,8349,17.16
-76.452507098223677,36.64613231278198,8350,18.98
-76.242557901857865,36.550580090019416,8351,17.9
-76.342708373459672,36.559140203984022,8352,12.37
-76.219045716584091,36.622863477787106,8353,15.97
-76.289122346167133,36.631006088347448,8354,15.29
-76.255029832471052,36.720130197364441,8355,1.34
-76.366295417473694,36.726754564619419,8356,11.57
-76.215121242479114,36.784690296017715,8357,19.27
-76.288697147401152,36.726996709639288,8358,5.39
-76.239178846044183,36.551867587236039,8359,18.11
-76.124596155036286,36.662884402445457,8360,0.81
-76.200743562873271,36.612509725721452,8361,7.89
-76.338389213209311,36.615866460941682,8362,3.88
-76.37063924750035,36.702296894331248,8363,12.9
-76.178255559386415,36.66975980361449,8364,9.71
-76.37482497036244,36.617027262425793,8365,7.12
-76.387280838593483,36.574951612912109,8366,12.12
-76.225467106937344,36.544689138006277,8367,12.83
-76.291361949605999,36.71368151165516,8368,10.78
-76.220803125532427,36.832458093312603,8369,1.52
-76.398584194289072,36.580275066524678,8370,15.7
-76.444208272622376,36.722091822194578,8371,19.46
-76.476396400278375,36.631707025197557,8372,18.79
-76.239086571520701,36.84074169544099,8373,6.26
-76.189876958896292,36.651719512227373,8374,15.09
-76.381308760110855,36.826364532179291,8375,10.99
-76.261597493215987,36.829066721713225,8376,11.56
-76.303011244165802,36.626080102742826,8377,12.02
-76.350289951439123,36.764618288612532,8378,10.91
-76.239473583332952,36.645006796607234,8379,19.47
-76.317515361731097,36.737252929668692,8380,7.31
-76.37760153456685,36.574734549565292,8381,13.52
-76.269807362029724,36.66153498272309,8382,17.3
-76.44274594979332,36.711415647479747,8383,19.05
-76.168368021471423,36.558883418792327,8384,0.75
-76.225865443716458,36.738025017915035,8385,17.11
-76.271771295457583,36.675147318179967,8386,17.31
-76.342748874444922,36.632403451573701,8387,15
-76.420151005377093,36.84436026446749,8388,15.12
-76.249524269206418,36.617383473752646,8389,14.7
-76.194929542522388,36.740408421042069,8390,10.34
-76.22258989390339,36.688221012317584,8391,18.37
-76.0873560198457,36.663709707115153,8392,5.43
-76.149159908947198,36.689304437130033,8393,9.57
-76.112586815578979,36.595073617766261,8394,7.97
-76.465006014199275,36.705221379527579,8395,19.38
-76.293062919475702,36.664434734093952,8396,17.83
-76.315282510346492,36.634222719609845,8397,11.75
-76.277726319104957,36.674553782335977,8398,18.31
-76.242088361857299,36.673492989428212,8399,17.14
-76.108679547079873,36.630096912285083,8400,10.43
-76.30288958825443,36.802208008465918,8401,12.13
-76.386007419643491,36.722040377189018,8402,13.17
-76.246988430304185,36.697430728976556,8403,18.83
-76.434136662736407,36.644367140202803,8404,17.51
-76.197061676158569,36.755312099309869,8405,12.54
-76.319522881857125,36.547070651561349,8406,12.12
-76.231476330441822,36.625603783048518,8407,17.95
-76.181697312725333,36.71984628348234,8408,1.9
-76.446374650928448,36.750342280638776,8409,19.1
-76.406848839231259,36.571764647127452,8410,16.28
-76.448672270215027,36.64273509049206,8411,18.33
-76.323403867993889,36.702997749160062,8412,12.68
-76.260230009458894,36.552872249908532,8413,15.48
-76.258819390972249,36.797640677106855,8414,18.83
-76.236132570300882,36.701501054921287,8415,17.22
-76.274087350932589,36.721336692412095,8416,8.15
-76.407199576474568,36.717800639011131,8417,16.54
-76.385533420289335,36.695364640481735,8418,14.39
-76.393495483833647,36.74492293130595,8419,15.3
-76.431125363041701,36.721442624429478,8420,18.45
-76.446682046010707,36.591276763161076,8421,15.75
-76.146315715084825,36.697993478764239,8422,12.13
-76.423332953941127,36.556458855518734,8423,17.85
-76.25336941381876,36.772367760055701,8424,35.39
-76.338464817168614,36.667436088182917,8425,13.51
-76.455521204015056,36.672939136480977,8426,20.16
-76.440593536179122,36.812436451715584,8427,18.79
-76.303875694939066,36.681924042596179,8428,13.74
-76.412255076816777,36.550710537829474,8429,17.08
-76.344159298245799,36.577897339646668,8430,8.77
-76.148131969298973,36.590288956337112,8431,7.8
-76.395358488325584,36.864570545412285,8432,14.99
-76.404295787980274,36.617044401564456,8433,15.46
-76.104119093485309,36.744777750844676,8434,12.45
-76.446751987764614,36.808451762755787,8435,19.5
-76.092238984790441,36.682388312992053,8436,1.16
-76.204273191789142,36.819440146793923,8437,13.39
-76.445147995999363,36.762050418277887,8438,18.14
-76.275097538537565,36.622007354575068,8439,15.1
-76.235734448215013,36.710273212538667,8440,14.66
-76.453295322014256,36.578683330798171,8441,16.5
-76.456208049102969,36.846270921751049,8442,21.85
-76.269518390473081,36.628080719549715,8443,6.93
-76.379569489942071,36.790009810788526,8444,15.29
-76.279001430939417,36.694998137034709,8445,13.47
-76.378884588165221,36.694111116557515,8446,13.99
-76.453927217667626,36.768839562162647,8447,19.96
-76.181658585358676,36.726371189725569,8448,0.75
-76.460332391136021,36.716501380983964,8449,19.89
-76.204284633455842,36.702906423305208,8450,18.12
-76.172147234718352,36.554287940311944,8451,5.55
-76.312588738937919,36.706591597758774,8452,10.93
-76.347409576541551,36.785559405741679,8453,10.9
-76.420292314887845,36.594722529040276,8454,12.81
-76.418278206064301,36.566496350980756,8455,16.77
-76.380359406275147,36.546670257584523,8456,15.57
-76.207967575723117,36.643451002433039,8457,18.22
-76.183663030611697,36.57553487913367,8458,1.05
-76.315594201642142,36.713498124371327,8459,11.1
-76.285365579530989,36.609644985034919,8460,2.69
-76.444834921425283,36.744286850510896,8461,17.38
-76.176935572989834,36.737121823667984,8462,10.5
-76.286545119069601,36.756487422155395,8463,2.57
-76.207627627705904,36.636054807433112,8464,19
-76.39072431785047,36.813765370518574,8465,12.7
-76.401134970112111,36.759549783266706,8466,12.94
-76.375292543413863,36.760974734685824,8467,10.23
-76.444306220058522,36.637926647763173,8468,18.8
-76.211234049091402,36.768521606437545,8469,21.69
-76.241266233124009,36.800956743345402,8470,15.57
-76.293568439902117,36.63297886273066,8471,9.59
-76.152300953688083,36.659250879267283,8472,1.75
-76.231578452294968,36.701905952209692,8473,15.53
-76.329985109873647,36.688229076407239,8474,14.6
-76.470248748708002,36.556310756250078,8475,17.4
-76.323798758352822,36.655652136690044,8476,9.49
-76.367022822922053,36.625965989417388,8477,6.48
-76.428513872064514,36.614069310309461,8478,15.88
-76.187998893124018,36.68980024073533,8479,20.98
-76.461387361152433,36.629825224301285,8480,17.49
-76.317154529343071,36.612464343808796,8481,5.12
-76.250809207791434,36.562980021988601,8482,18.57
-76.240231820817684,36.590006340302587,8483,0.68
-76.138702035206293,36.621131037687292,8484,10.15
-76.110197588978394,36.649533600722528,8485,9.88
-76.209367867068295,36.631328278213473,8486,21.14
-76.341449023413176,36.755878812675242,8487,10.44
-76.448030114655396,36.625820251792028,8488,17.45
-76.248003730737764,36.822054020187558,8489,15.03
-76.389965447579286,36.837508195640176,8490,13.28
-76.399911467363552,36.744039797978864,8491,16.05
-76.200377732453219,36.622617489604501,8492,11.26
-76.271882244113385,36.675767261777203,8493,16.15
-76.266441690880569,36.643702989291242,8494,18.05
-76.296111352266564,36.665276619409191,8495,16.99
-76.431187620921946,36.734925803067583,8496,16.44
-76.22384159728341,36.572570347743493,8497,-0.22
-76.450191018243203,36.675561522098491,8498,19.78
-76.150375651157489,36.714811489886252,8499,15.38
-76.387893704526704,36.557436282380948,8500,16.36
-76.398561801139181,36.605663604114582,8501,16.19
-76.268439676950166,36.788647057270417,8502,15.89
-76.413249284104353,36.846574932636827,8503,11.53
-76.189659848884403,36.653394998843986,8504,17.65
-76.36140188420319,36.551694893659977,8505,14.3
-76.431437355805983,36.667319463872715,8506,18.46
-76.293881761848425,36.822218471740918,8507,6.74
-76.407417496920459,36.607514979293022,8508,15.84
-76.200756021414932,36.741670543289899,8509,11.77
-76.440199841054195,36.66262918487962,8510,18.46
-76.194863129366482,36.680647223258063,8511,16.85
-76.069232194219055,36.669617817311469,8512,1.72
-76.4719812039705,36.711761913252779,8513,20.61
-76.369818674178845,36.689600833871971,8514,14.34
-76.238290875694318,36.69549255755237,8515,12.24
-76.229201872434388,36.753885178183481,8516,19.75
-76.284638295439805,36.741107691016104,8517,4.25
-76.145569888577654,36.67312274613964,8518,9.07
-76.18552764211374,36.756281647911955,8519,10.53
-76.197902729704012,36.629522298553503,8520,11.13
-76.232563874235311,36.576707603578278,8521,4.02
-76.474988120403324,36.706439813838266,8522,20.83
-76.185453804306363,36.652406475389469,8523,12.18
-76.485601808485541,36.619954508361992,8524,15.65
-76.220967749630489,36.702939697699797,8525,4.97
-76.148663429180857,36.655563460443148,8526,8.29
-76.411787334262712,36.731945631979862,8527,15.37
-76.143952797529295,36.588168039306808,8528,9.44
-76.347933763640313,36.674181332064585,8529,12.9
-76.44381413446618,36.568789703484271,8530,17.55
-76.217124822208604,36.81901188707208,8531,15.08
-76.35311677188227,36.58621657641693,8532,10.97
-76.420076651933968,36.798719890936702,8533,9.14
-76.110824136796751,36.55788190613606,8534,8.68
-76.257127017722908,36.682466911678937,8535,19.43
-76.251304229463415,36.570048330163061,8536,20.74
-76.369971110220305,36.697489538186794,8537,12.18
-76.205926369514543,36.612218527621089,8538,14.71
-76.41075785208406,36.573336715215198,8539,15.94
-76.250301295181984,36.698894835055768,8540,19.85
-76.288312909832484,36.570875292874028,8541,16.41
-76.349662189879027,36.65866273214916,8542,13.3
-76.414884134304103,36.844017905806396,8543,14.22
-76.263693730685702,36.668479386250745,8544,17.25
-76.176539610832577,36.609972094412534,8545,10.41
-76.299788646511203,36.548960578563623,8546,13.07
-76.195401645059064,36.76129988407672,8547,13.91
-76.389307332663648,36.753017406687363,8548,13.03
-76.295377591613033,36.544686419419932,8549,15.4
-76.44332022766649,36.846118874369914,8550,20.58
-76.282129103735386,36.701720576001932,8551,11.24
-76.405887051605191,36.648058703584837,8552,15.61
-76.386646636870282,36.689957715255147,8553,15.6
-76.389762487154044,36.746827103492407,8554,14.07
-76.419808010889582,36.727637995642361,8555,17.19
-76.155620951205805,36.590193925670789,8556,9.26
-76.131941620832194,36.572336696318757,8557,5.9
-76.250494814476141,36.712988148763799,8558,13.14
-76.320108415482125,36.612880640471225,8559,1.64
-76.291149964900328,36.615423349234646,8560,9.68
-76.354953653090334,36.596724471155724,8561,11.69
-76.193476255390408,36.773768256150269,8562,14.67
-76.450772032976474,36.717807137665496,8563,19.2
-76.209972411204049,36.81666580828972,8564,14.92
-76.288362335788833,36.606381343778402,8565,1.14
-76.278345791391175,36.706585158497489,8566,7.06
-76.364584675081815,36.775561341699849,8567,13.54
-76.245328044041727,36.606875937015616,8568,11.99
-76.237946983217498,36.587588562853732,8569,0.63
-76.171722906377866,36.635412245519724,8570,11.46
-76.427798639494327,36.761578267196157,8571,15.98
-76.342086555943141,36.590779488935617,8572,6.77
-76.174727473797319,36.73479666015735,8573,8.82
-76.338725937066457,36.716459427434756,8574,9.58
-76.353499723302022,36.623286434478572,8575,2.57
-76.212034481358401,36.811584524450318,8576,20.06
-76.271482819500164,36.818759260533454,8577,15.35
-76.363206256754836,36.691279038832121,8578,13.26
-76.373205333322133,36.57930682656157,8579,12.77
-76.204982160565109,36.782806375872838,8580,153.93
-76.242759031854831,36.623755133531148,8581,13.54
-76.410791616869531,36.858408997701062,8582,15.3
-76.294877736721844,36.596599803689173,8583,15.05
-76.406262975085937,36.564112744622307,8584,16.04
-76.394079800067217,36.703288803207911,8585,14.33
-76.268957615112484,36.708600191147376,8586,8.78
-76.168818606454607,36.729963722613107,8587,1.33
-76.327142466949908,36.549036070412619,8588,13.46
-76.337046644301168,36.664084961814545,8589,12.67
-76.4023086752956,36.828227740302779,8590,7.75
-76.339412538468153,36.713509659376086,8591,9.54
-76.386583788017873,36.822471338445993,8592,13.75
-76.297800812617382,36.547458995666268,8593,14.81
-76.320821758683849,36.666405444379784,8594,13.82
-76.16729356487248,36.551730761758343,8595,5.32
-76.225604658424359,36.745309419927928,8596,20.43
-76.464757971091473,36.567935145017067,8597,17.27
-76.308383826345391,36.646841928202043,8598,12.54
-76.426714778355503,36.572012217971107,8599,17.12
-76.251136807012642,36.565590100897531,8600,19.63
-76.235332011400118,36.825812586403259,8601,3.76
-76.354217680021975,36.771640148532704,8602,12.33
-76.327406203839217,36.705421939672846,8603,10.86
-76.251522670860922,36.606292141650449,8604,14.58
-76.268020707738771,36.615483659475231,8605,12.72
-76.221301390229215,36.568166885246278,8606,7.99
-76.20556815811841,36.742907774634148,8607,7.03
-76.396159358961114,36.723151349599625,8608,15.11
-76.352788864210069,36.561833224091835,8609,12.53
-76.426606408816156,36.668499922277611,8610,18.54
-76.150768424962251,36.670577286178343,8611,12.76
-76.164737327822394,36.690361609257629,8612,8.52
-76.213248073886646,36.715679725166282,8613,1.25
-76.373964266072164,36.611012043163591,8614,12.69
-76.21474657821993,36.78811942367637,8615,19.56
-76.212139813857931,36.744847415119338,8616,19.24
-76.405749327630772,36.550678544578723,8617,16.9
-76.168532698497813,36.559990298253339,8618,1.14
-76.269170969678754,36.728769278351976,8619,1.31
-76.424252662939708,36.638766664511024,8620,17.48
-76.364409951711934,36.545268960593226,8621,13.74
-76.447779573177129,36.714019864783829,8622,19.52
-76.480447189336331,36.58063339480519,8623,15.74
-76.336723865636003,36.559919150034276,8624,12.09
-76.456437932735909,36.754578215334448,8625,19.38
-76.293126646510814,36.69410417403634,8626,8.49
-76.296830361853267,36.724407396307548,8627,6.55
-76.376650284488491,36.778928934048466,8628,14.76
-76.393121151323868,36.742678666982144,8629,14.64
-76.219574634288136,36.808675187893364,8630,19.59
-76.334795435575401,36.618687463536823,8631,1.38
-76.428392883072021,36.842524990884726,8632,1.1
-76.430420006941475,36.547018988452109,8633,18.18
-76.330370610353611,36.708585785757705,8634,10.41
-76.168494048276571,36.601955804225781,8635,11.25
-76.45028131006039,36.71230807834808,8636,18.72
-76.428688350283366,36.647848029684077,8637,17.11
-76.384035023071803,36.600589534197674,8638,20.31
-76.350395865295937,36.688298359620731,8639,12.47
-76.430734109883844,36.758046043602022,8640,15.99
-76.130975909228596,36.561620254026096,8641,7.28
-76.425103674304751,36.684892233845751,8642,16.87
-76.290410806838949,36.683236026033455,8643,15.37
-76.144834638849986,36.679544037055955,8644,9.06
-76.198906804919304,36.650333937065092,8645,14.57
-76.116205640276547,36.697919006988663,8646,10.09
-76.402067955655554,36.66342775575621,8647,16.84
-76.057082970889368,36.663022818992651,8648,1.32
-76.268137170972878,36.650932116590575,8649,18.01
-76.108042230531623,36.676651204816601,8650,9.15
-76.370170458096354,36.710938249430129,8651,13.08
-76.425042288113048,36.709275555323188,8652,17.18
-76.329352889127506,36.701845952646828,8653,11.29
-76.454772462357852,36.82485194345152,8654,21.9
-76.274879602689794,36.667711127896382,8655,17.57
-76.206569409022364,36.618922885389161,8656,11.22
-76.253624049674741,36.638048966712738,8657,14.81
-76.215922692742396,36.74860390336368,8658,18.75
-76.382088905418669,36.798038555693246,8659,14.38
-76.320706449402195,36.581749682731704,8660,13.01
-76.112105875891586,36.60761053835509,8661,8.3
-76.182103266168951,36.677608347032958,8662,13.05
-76.073617473228069,36.675102227409404,8663,1.43
-76.229067453286973,36.783234690168293,8664,19.27
-76.245125910826175,36.639886070719356,8665,14.65
-76.230408161676024,36.71314906403633,8666,5.64
-76.162557247902086,36.559449423041244,8667,0.65
-76.435569039072135,36.860380174801762,8668,19.37
-76.406476732268644,36.639585135271105,8669,16.4
-76.366294861616993,36.549588675656757,8670,14.29
-76.254167538755084,36.622964406896919,8671,15.46
-76.14181681532952,36.649990184173866,8672,9.77
-76.380901548428994,36.815345696621513,8673,12.75
-76.227109217253528,36.806042896247725,8674,17.6
-76.175314671048852,36.664104854279863,8675,9.9
-76.339167477035332,36.769316489832953,8676,10.53
-76.4542941895171,36.766059917171191,8677,18.1
-76.290734050962556,36.598944460105777,8678,0.44
-76.177762977374186,36.566278464313243,8679,0.61
-76.2942646498541,36.602019345508715,8680,0.36
-76.151737679441297,36.658131633060862,8681,10.06
-76.403585829585552,36.625540857410563,8682,15.34
-76.132183249845525,36.690438965289168,8683,10.97
-76.262910776887239,36.668718447001446,8684,17.08
-76.444031369505311,36.77012036904005,8685,19.05
-76.326453018051822,36.743153737488576,8686,9.93
-76.156472863246478,36.755997009908903,8687,9.26
-76.243593312209796,36.631195524757644,8688,12.71
-76.158035238860109,36.748474859975644,8689,9.82
-76.250758792853489,36.623490559244217,8690,15.03
-76.184633060152791,36.719833368652601,8691,1.66
-76.305571173949801,36.69350117316813,8692,13.89
-76.433205648389119,36.696338554527998,8693,17.54
-76.165667749880541,36.741472796927908,8694,9.67
-76.246172939680477,36.590757175139728,8695,0.16
-76.429001077743521,36.703721278990905,8696,18.04
-76.438697669467587,36.874068322196578,8697,5.71
-76.102139838470947,36.708651394820748,8698,1.14
-76.396951554515695,36.620618719030041,8699,13.07
-76.115132196539918,36.629443572363925,8700,9.33
-76.272891533637434,36.566589655288631,8701,13.94
-76.196038618518031,36.659077633291467,8702,17.72
-76.388304417781995,36.855267953268815,8703,12.47
-76.174679856118303,36.732542894759469,8704,6.93
-76.230387062973691,36.833650378115358,8705,7.43
-76.183448393302058,36.589759700906264,8706,8.65
-76.226116925230471,36.771162214187257,8707,18.71
-76.134777268804712,36.694366100199119,8708,12.01
-76.476378192582658,36.650873114085911,8709,18.52
-76.247277929113352,36.622155288198975,8710,14.61
-76.235108567860635,36.732619509999672,8711,9.82
-76.348392473425378,36.677685871614841,8712,10.69
-76.376181774918223,36.603115972522993,8713,14.91
-76.404480120149842,36.722971827036325,8714,16.15
-76.39385471425021,36.577234331468993,8715,15.8
-76.419639881500558,36.601335374308256,8716,14.94
-76.319755768153243,36.652241511755911,8717,11.25
-76.411500957200602,36.851829724719174,8718,15.32
-76.187332137612373,36.714341289577128,8719,16.12
-76.461157898554873,36.573465600923001,8720,17.4
-76.094843999833842,36.713972140156187,8721,2.76
-76.197695253476908,36.570693754032838,8722,-0.46
-76.424364895668873,36.731336168778057,8723,16.98
-76.235593247328794,36.795510806536477,8724,18.67
-76.225812801196042,36.830695909793647,8725,9.09
-76.314682649939044,36.579526151384719,8726,15.29
-76.246343024557177,36.68624012736737,8727,17.12
-76.457186980894718,36.571085393596455,8728,18.17
-76.394075945079763,36.595741683324434,8729,12.26
-76.137138131146941,36.561382422854933,8730,6.77
-76.210677572649843,36.718349897897326,8731,3
-76.186064485821873,36.561552894112715,8732,4.95
-76.339729151190184,36.599387772565009,8733,8.55
-76.116086926708405,36.546122714616011,8734,5.61
-76.418074888060445,36.567476478837101,8735,17.27
-76.174867172971446,36.705024811724549,8736,19.73
-76.05651642562691,36.665616945426827,8737,0.94
-76.448076093479358,36.690463592651149,8738,18.68
-76.421091737718001,36.604883645434867,8739,15.46
-76.300502946915515,36.645723259126861,8740,14.6
-76.235529364413352,36.586835877489477,8741,-0.03
-76.337627484633316,36.715990496056946,8742,10.21
-76.435712380647828,36.854030527331346,8743,19.59
-76.130960408436323,36.6949295774928,8744,12.67
-76.222991065867674,36.750096361596363,8745,19.05
-76.226874689724156,36.687112079784242,8746,20.17
-76.273560497656035,36.788812929440937,8747,13.34
-76.453709983898634,36.749058873177582,8748,19.03
-76.289794997639632,36.69563409283041,8749,10.33
-76.151622436393325,36.571730502347364,8750,0.1
-76.337975343406015,36.773235551614746,8751,11.12
-76.276772819863893,36.680874160958787,8752,15.39
-76.36881378956096,36.547993930836434,8753,14.56
-76.211447961260447,36.64605813904317,8754,18.37
-76.449175213398789,36.742205960689077,8755,18.89
-76.245137907802032,36.73631146070538,8756,17.55
-76.314591590835121,36.561159397624657,8757,12.15
-76.144384332651839,36.580116078229359,8758,0.43
-76.309545167861245,36.773982496161047,8759,17.78
-76.212127196150504,36.720705532750102,8760,0.92
-76.209117557778526,36.621439411017278,8761,13.96
-76.372784067676264,36.608110692260048,8762,13.51
-76.167552506743945,36.646980282856646,8763,9.84
-76.20682354584801,36.770746188929834,8764,21.25
-76.339383822008969,36.801256868730064,8765,13.26
-76.206066978064129,36.591011912472993,8766,11.38
-76.248044229115891,36.753287453247353,8767,18.53
-76.32429038636765,36.785656497401554,8768,5.77
-76.478641649301579,36.635054629914592,8769,19.93
-76.167071397142763,36.552277828207643,8770,3.53
-76.331390856007403,36.716982772375424,8771,10
-76.208317718480103,36.745260123545386,8772,13.37
-76.130420385562033,36.616464208172026,8773,9.38
-76.29872021638522,36.675568478549131,8774,15.53
-76.402504393776155,36.630243461075843,8775,15.55
-76.285658820860661,36.811628726843402,8776,7.34
-76.441243246546691,36.815994968630115,8777,19.75
-76.329709969522042,36.646640019264453,8778,11.63
-76.135712974239453,36.68914725157655,8779,10.95
-76.387184871215283,36.698355530949115,8780,14.55
-76.279403673715009,36.791900288895988,8781,7.38
-76.219754169623101,36.561244405653376,8782,8.93
-76.341702806358342,36.740672324541769,8783,10.49
-76.474121934436624,36.558040684736021,8784,18.1
-76.287040917723758,36.731633522096551,8785,5.36
-76.397636540916693,36.650700784408215,8786,15.59
-76.3491894124857,36.718878667855272,8787,10.02
-76.353577850433311,36.619517494774229,8788,5.38
-76.420613735275737,36.864891177930332,8789,17.87
-76.428764146196741,36.804014194830415,8790,13.76
-76.32605673299193,36.626803261183312,8791,15.27
-76.220355893356555,36.732843032604372,8792,16.44
-76.34222273395126,36.558251797892162,8793,12.19
-76.372334344845683,36.62413580526222,8794,11.47
-76.313061962581344,36.80456897755333,8795,5.15
-76.38801906365029,36.574327801693371,8796,14.96
-76.267814666284707,36.553215124833706,8797,15.49
-76.38082513232122,36.681411079994973,8798,15.9
-76.287609467317651,36.657073653292358,8799,17.92
-76.313665664434026,36.616601656089905,8800,8.12
-76.247881607368598,36.579034663525114,8801,5.46
-76.465563641486284,36.700703206522803,8802,21.21
-76.430639239258696,36.715434342229571,8803,18.04
-76.377119935641645,36.822472602116974,8804,7.88
-76.388809631867147,36.567524919031534,8805,15.74
-76.314800054322916,36.777220261552038,8806,24.85
-76.245664520276222,36.598537404992307,8807,0.19
-76.382885095101159,36.67182423230043,8808,16.01
-76.418123060092441,36.865354497149511,8809,20.15
-76.379328262307865,36.800756606839776,8810,13.6
-76.111650872728106,36.695522415189934,8811,10.15
-76.314990991668637,36.683758309720275,8812,12.77
-76.079994338585266,36.701949588930738,8813,1.17
-76.141528832856181,36.698645264702847,8814,11.76
-76.221335510304925,36.769363142687631,8815,18.36
-76.409676387116036,36.700261993569313,8816,17.55
-76.329197306146142,36.703412646929671,8817,12.58
-76.145474274668572,36.588093507275836,8818,9.22
-76.218476403654108,36.754834996412036,8819,21.37
-76.309393827981836,36.745704939771763,8820,7.1
-76.24317687544432,36.799511902647005,8821,17.1
-76.203046929171947,36.726913139529792,8822,1.07
-76.311796865145851,36.726043402135886,8823,4.28
-76.193994657753521,36.62206177275538,8824,10.08
-76.262672167471408,36.666163229354034,8825,18.11
-76.214950919008359,36.708441300113165,8826,13.62
-76.383510369805876,36.85948056499128,8827,10.28
-76.208798428226942,36.716974636972353,8828,7.16
-76.463605243364967,36.765820677253011,8829,18.65
-76.198179895572565,36.69801646126691,8830,19.02
-76.364630299044933,36.64444595178167,8831,10.06
-76.418364609118569,36.676824655294766,8832,16.48
-76.285105932571867,36.65975782646769,8833,18.53
-76.206604610211826,36.596936091331656,8834,10.9
-76.20570192679493,36.752051604003363,8835,14.21
-76.116429646966793,36.55469281979439,8836,7.97
-76.453744088727305,36.558228421240266,8837,18.15
-76.124260878890269,36.62176982353273,8838,9.77
-76.384994644380313,36.72336660970678,8839,12.75
-76.290783449134139,36.759653159140768,8840,0.72
-76.343487500318361,36.607572470999749,8841,10.7
-76.126639679148909,36.569744116026321,8842,5.29
-76.442275450266933,36.79705417122905,8843,19.52
-76.444201474929443,36.802467264844175,8844,18.9
-76.175942083051581,36.580941075101066,8845,9.32
-76.228688266920656,36.62137295548348,8846,12.67
-76.274536354837863,36.644391265117825,8847,18.03
-76.257219453309233,36.766155250163855,8848,19.25
-76.37025772846583,36.783227677447293,8849,14.64
-76.452562245009091,36.690974936574378,8850,19.33
-76.158121773832576,36.726176646105664,8851,1.62
-76.377718966551029,36.77330780955873,8852,14.1
-76.187016539396396,36.754964094415392,8853,11.13
-76.076376197203501,36.676721778626195,8854,0.75
-76.251620581735892,36.643541663121241,8855,13.6
-76.325304774074283,36.662921835528458,8856,11.93
-76.403641967131776,36.55033957921264,8857,16.51
-76.339909439260282,36.583375624587894,8858,11.14
-76.373626029671698,36.553197829888617,8859,13.81
-76.274028202693302,36.655317976126994,8860,18.68
-76.176917068172145,36.579270390343943,8861,7.69
-76.126026634873014,36.611275284961849,8862,8.55
-76.417204503380603,36.605376438000619,8863,15.35
-76.10794749915506,36.651550534153493,8864,12.61
-76.384220875637894,36.572220881227061,8865,13.83
-76.376415602563995,36.601556364309076,8866,15.56
-76.12968891745399,36.565389087548986,8867,7.74
-76.457739195324748,36.803166499316639,8868,20.75
-76.114867509764224,36.675189457636741,8869,8.05
-76.342043848735102,36.573790169738892,8870,8.82
-76.299577608382421,36.631636054051668,8871,7.23
-76.297628174050246,36.706668183276101,8872,10.24
-76.267737278758432,36.647308736855209,8873,16.29
-76.389176284966538,36.713993599413229,8874,14.02
-76.165225806325068,36.635150025866267,8875,11.42
-76.132291200521934,36.656464693244168,8876,7.9
-76.239013176088676,36.656474221891699,8877,17.98
-76.195668950088859,36.748105133491258,8878,6.6
-76.177308144878282,36.689924766441401,8879,11.03
-76.335287247721496,36.642736603753356,8880,15.66
-76.40472677040151,36.689285321634166,8881,16.68
-76.268039982183126,36.582909754458974,8882,8.46
-76.242437754148497,36.609357206103674,8883,14.95
-76.304340416706395,36.641582892100885,8884,13.51
-76.21465264637321,36.826453247309828,8885,-0.56
-76.181121686922467,36.623965871936861,8886,11.44
-76.46633091946309,36.547920200353744,8887,17.3
-76.248701699932397,36.702440380833956,8888,17.86
-76.228283879310936,36.650470259006369,8889,19.02
-76.253032719689486,36.632181484428024,8890,16.2
-76.374802359575071,36.652602544174911,8891,13.69
-76.355050429797586,36.653858782577394,8892,14.03
-76.449966673202255,36.614373408290042,8893,15.7
-76.220529332045302,36.766254314987457,8894,20.16
-76.430050691827319,36.708346247960812,8895,18.11
-76.281967852062564,36.823216067446189,8896,12.23
-76.37393980457702,36.732033227923125,8897,12.48
-76.121811087620117,36.640111965619226,8898,10.04
-76.181826270432978,36.613374623651183,8899,10.4
-76.258893821186561,36.667930196082416,8900,17.12
-76.199668061355013,36.657250139260384,8901,18.8
-76.414766892768327,36.755371229592299,8902,14.01
-76.395706603216397,36.802376570599613,8903,13.81
-76.1533719323903,36.606923401336608,8904,10.11
-76.253137704595943,36.635121893460941,8905,13.7
-76.426770850003194,36.583142351856551,8906,14.65
-76.152984082403563,36.546188010126755,8907,0.9
-76.25853430407885,36.817383763153785,8908,17
-76.456900002097896,36.822004033520336,8909,21.28
-76.325557106351695,36.633146774771092,8910,16.39
-76.382851739539433,36.764130675300443,8911,12.5
-76.129986644426694,36.588089943069257,8912,7.79
-76.234926573331151,36.627061582046402,8913,16.76
-76.40987981649144,36.726766517791091,8914,15.98
-76.328642164664117,36.598770011105621,8915,1.59
-76.411416618917329,36.703585122616758,8916,17.14
-76.129498651506324,36.688107631224803,8917,14.27
-76.405656520818894,36.727071598265375,8918,15.3
-76.166971967311056,36.675839041475172,8919,11.34
-76.145677038348012,36.564171820014565,8920,5.69
-76.429275278079416,36.770562479798386,8921,16.44
-76.328439611887489,36.581020313757854,8922,10.67
-76.422579376382203,36.64338934541076,8923,17.03
-76.115923752940546,36.701737944606563,8924,10.79
-76.2301720329679,36.718085922126988,8925,1.44
-76.180259377552929,36.656938533279089,8926,11
-76.318942876816322,36.614066157262172,8927,4.36
-76.239182691659749,36.682930572507445,8928,15.66
-76.389985189109098,36.615229086494423,8929,12.7
-76.328438561224402,36.682866992982625,8930,14.06
-76.368515220257748,36.585920484302605,8931,11.78
-76.387689931288975,36.55538629147977,8932,16.14
-76.222185340006845,36.62153349306729,8933,15.32
-76.186842276283073,36.737578653085599,8934,6.05
-76.251427353010754,36.801185762572494,8935,16.6
-76.136980462651238,36.749025278229936,8936,7.63
-76.425632601138531,36.817203735234692,8937,11.85
-76.336484648628172,36.573361561306385,8938,11.52
-76.468376541562037,36.7004964208109,8939,20.06
-76.136295476150877,36.625558836442146,8940,10.65
-76.268255216959943,36.805014007730882,8941,13.54
-76.357184665164823,36.655568250841668,8942,14.16
-76.156514800256659,36.759584141462369,8943,7.75
-76.396280486431777,36.547456590596305,8944,16.42
-76.438280553354943,36.692306055926444,8945,19.27
-76.411546920146179,36.56645955575685,8946,16.13
-76.395806517855107,36.688835220433305,8947,16.95
-76.378086229578685,36.738319340632835,8948,14.1
-76.224696349204962,36.843215818990224,8949,-2.13
-76.27362724604879,36.82092523555108,8950,12.63
-76.470005011846922,36.749675304365915,8951,19.65
-76.383866555476132,36.681109755384668,8952,15.99
-76.301991344179569,36.577504639628955,8953,14.91
-76.441252724478019,36.693470059123086,8954,19.88
-76.279832182693653,36.549945326500556,8955,15.28
-76.234174388508393,36.548950844531532,8956,16.4
-76.138796044282756,36.674437166126232,8957,9.12
-76.197905298391902,36.638598423056749,8958,11.24
-76.413934625323847,36.592072212902607,8959,14.08
-76.188648998234058,36.723069938238119,8960,-0.81
-76.37194361228957,36.65095797033532,8961,12.38
-76.233971054139431,36.841637411333622,8962,6.34
-76.290180869661924,36.765063377810073,8963,4.66
-76.416729843946484,36.863487702135856,8964,16.73
-76.226296517313216,36.747941343110917,8965,20.97
-76.20807182016496,36.808857938412061,8966,16.14
-76.283566039099185,36.576911410257054,8967,15.89
-76.097327185514914,36.669839748212517,8968,13.49
-76.427537619973108,36.638102066920069,8969,17.29
-76.347967982570964,36.731281665647018,8970,10.01
-76.379725885217979,36.584127007992173,8971,12.09
-76.350166028078334,36.747389244023161,8972,0.94
-76.381051313567013,36.695720123421751,8973,14.74
-76.397416262054065,36.645240345087522,8974,15.39
-76.36503631682605,36.638918495748975,8975,7.01
-76.192963732871959,36.624840122496416,8976,10.22
-76.286458615514817,36.753750497426942,8977,6.22
-76.392005440003956,36.866088623227945,8978,14.73
-76.462332704411267,36.67733174466462,8979,18.97
-76.268902615702117,36.682114568786275,8980,15.62
-76.287114926623943,36.579530369470568,8981,14.63
-76.201771549373817,36.602335516472692,8982,11.96
-76.210568738641001,36.742929964434182,8983,17.6
-76.125295282243499,36.743197728350999,8984,9.55
-76.371159200144675,36.551325969968204,8985,11.2
-76.433960675050088,36.548600507659778,8986,19.25
-76.215658468824955,36.577446827719882,8987,0.84
-76.148278361097709,36.587237484665835,8988,6.75
-76.167224416962327,36.549450144257392,8989,5.94
-76.374308700802189,36.573754115919137,8990,13.57
-76.35461516173487,36.610632907898335,8991,9.57
-76.406805032548675,36.838650868287651,8992,11.86
-76.365140131081233,36.725915127764409,8993,11.7
-76.231854366203976,36.727871169158448,8994,1.81
-76.122144172755739,36.671323919573162,8995,8.31
-76.376507980917935,36.796463052517389,8996,13.43
-76.389526796821954,36.619034830503956,8997,11.56
-76.405965216155806,36.60704093900511,8998,14.58
-76.118453369401252,36.7093775714524,8999,2.3
-76.403865626920819,36.699190004157394,9000,16.21
